<!--
   Licensed to the Apache Software Foundation (ASF) under one
   or more contributor license agreements.  See the NOTICE file
   distributed with this work for additional information
   regarding copyright ownership.  The ASF licenses this file
   to you under the Apache License, Version 2.0 (the
   "License"); you may not use this file except in compliance
   with the License.  You may obtain a copy of the License at

     https://www.apache.org/licenses/LICENSE-2.0

   Unless required by applicable law or agreed to in writing,
   software distributed under the License is distributed on an
   "AS IS" BASIS, WITHOUT WARRANTIES OR CONDITIONS OF ANY
   KIND, either express or implied.  See the License for the
   specific language governing permissions and limitations
   under the License.
-->
<ivysettings>
    <resolvers>
        <packager name="ivyroundup" buildRoot="${user.home}/.ivy2/packager/build" resourceCache="${user.home}/.ivy2/packager/cache">

            <!-- This defines the Ivy file location as is normally done -->
            <ivy pattern="http://ivyroundup.googlecode.com/svn/trunk/repo/modules/[organisation]/[module]/[revision]/ivy.xml"/>

            <!-- This defines the location of the build instructions -->
            <artifact pattern="http://ivyroundup.googlecode.com/svn/trunk/repo/modules/[organisation]/[module]/[revision]/packager.xml"/>
        </packager>
    </resolvers>
    <modules>
        <module organisation=".*" name=".*" resolver="ivyroundup"/>
    </modules>
    <caches useOrigin="true"/>
</ivysettings>
